first_name,last_name,email,password,birthday
David,Carlson,joshuamccoy@gmail.com,_7pB!PaRwo,2001-06-19
Joseph,Newman,katherine02@gmail.com,$YZ7Afxbj+,1966-08-02
John,Young,patriciastewart@gmail.com,!Lf@ALj@z7,1998-09-07
Dylan,Hill,kariphillips@gmail.com,w_2EQUwXTn,1983-03-16
Richard,Marshall,barbara52@gmail.com,(PR09Rglea,1986-11-25
Erin,Lewis,xherrera@gmail.com,#X%r7eNw1P,1978-12-09
David,Campbell,douglasyoung@gmail.com,#5NC8xXpiA,1978-09-11
Benjamin,Lopez,hoffmanethan@gmail.com,@I+BL2Fuf@,1977-05-28
Jeremy,Brandt,wmonroe@gmail.com,oVwup^)y)4,1997-06-16
Thomas,Hamilton,randydawson@gmail.com,wWLnV3Ul*E,2003-05-10
Danny,Haynes,livingstonchelsey@gmail.com,d&y5KYwHq^,2006-04-09
Dawn,Avila,pamelagreen@gmail.com,g^O&m1U3*5,1972-03-04
Barbara,Davis,ryanclark@gmail.com,c10IXz@Nc*,1997-02-26
Alexandra,Harrison,shannon01@gmail.com,#P2Kgv@wfI,2001-09-21
Jennifer,Mckenzie,donald31@gmail.com,k^djJVsa$6,1970-05-12
Brittany,Johnson,michaelthomas@gmail.com,B^(D9AxHMp,2002-01-24
Maria,Keller,amanda56@gmail.com,cfO3RDvc4),1976-10-17
Anthony,Campbell,teresa55@gmail.com,e$2XVCm4MN,1983-12-22
Daniel,Miller,lopezerica@gmail.com,#7q4ZyaM^r,1973-10-10
Katrina,Allen,jking@gmail.com,$6Ac*zUo#7,1995-05-29
Jonathon,Wells,zhall@gmail.com,c5GIKuz3_U,1969-02-12
Henry,Adams,carolmeadows@gmail.com,_!gEHxZ+0n,1985-10-16
Monica,Kelley,strongdenise@gmail.com,+*8SHEhC%v,2006-02-28
Anita,Cruz,andrewsrichard@gmail.com,+t0r0!RcW4,1982-03-21
Tyler,Ramirez,jacqueline24@gmail.com,AjIOa$PX@3,1977-01-18
William,Patterson,timothyroach@gmail.com,gIMb25hQr_,1966-10-09
Michael,Curtis,johncardenas@gmail.com,W&%R8Oei!&,1981-08-02
Kelli,Walter,goodmanjoel@gmail.com,)1GkTWnUtd,2001-03-23
Tracy,Mclaughlin,frankryan@gmail.com,)5(CJDTiNC,2001-05-03
Kelly,Carrillo,torreswilliam@gmail.com,+0OplFlH9n,1996-02-19
Christian,Miller,jonesrenee@gmail.com,$fP84Wu!7R,1972-07-09
James,Martin,cheyenne53@gmail.com,P%8(pgCfp$,1965-11-23
Kelly,Garcia,michelle01@gmail.com,_$ZQWo9W^5,1985-10-11
Aaron,King,tonycox@gmail.com,e@)3Eq#q_I,1985-10-25
Levi,Moody,coopernicholas@gmail.com,Hk(Q1ApsRV,1971-11-12
Diana,Macias,lawsongary@gmail.com,c%zA$xn!^7,1972-07-31
John,Edwards,carltodd@gmail.com,@4P_wafp@o,1992-11-17
Daniel,Alvarez,qwhite@gmail.com,U)0AfHMtFD,1973-12-21
Victoria,Herman,ryantate@gmail.com,@z*3KsiqIT,1982-12-20
Valerie,Richardson,sean27@gmail.com,a$70EUo^U!,1966-11-15
Brittany,Small,rachel04@gmail.com,+ibv8CqZk_,1981-05-12
Tanya,Butler,richard20@gmail.com,3p5+3dPr&^,1998-02-22
Andrew,Frye,lross@gmail.com,#A7_QAsDn+,1995-05-23
Melissa,Finley,fhorn@gmail.com,W!22Nr(f$Y,1966-11-03
Dana,Soto,aguirresylvia@gmail.com,+C$4WLnq8q,1989-03-13
Melanie,Johnson,michael07@gmail.com,aU^b42Npzv,1969-11-17
Candice,Sanders,whenry@gmail.com,JgL&4oTK%4,1982-01-03
Frank,Anderson,qwatts@gmail.com,kH9AslpH*X,1982-06-11
Daniel,Perez,michael63@gmail.com,&_xc672vgI,1990-06-12
Andrea,Benitez,kingdarlene@gmail.com,4b0FuF$0x@,1971-09-28
Sarah,Raymond,lucasyang@gmail.com,HPlQ2Pc5+k,2000-10-24
William,Ross,ekim@gmail.com,(rz5MYNT7t,1978-02-02
William,Carlson,sgomez@gmail.com,*U5xCxEi*1,1965-05-08
Patrick,Hansen,daniellecasey@gmail.com,^6KFHn(GkH,1986-02-08
James,Harmon,victoria55@gmail.com,!uHSGXUDy8,1967-12-27
John,Ellison,danielsampson@gmail.com,4A40TSjt_k,1977-03-09
Brian,Burgess,navarrosabrina@gmail.com,!9o7LRw%w+,1972-08-29
Justin,Joyce,ronaldarmstrong@gmail.com,*t+@1eMqHq,2001-06-04
Ian,Osborn,michaelmarshall@gmail.com,8PlQKoZ!&c,1989-04-23
Stephanie,Oneill,michellehicks@gmail.com,5ZR5od^t^h,1999-07-03
Michael,Wade,andrew57@gmail.com,72SkZ0bD$7,1966-04-26
Sue,Douglas,nicholasgonzales@gmail.com,@7DqO4e3yR,1998-03-10
Robert,Johnson,savannah78@gmail.com,!0!#+VWfIK,1989-08-04
Dawn,Williams,walshdiane@gmail.com,bG5XysdN%Z,2000-05-11
Justin,Watkins,tfischer@gmail.com,ZaMuwEaq)8,1998-06-27
Elizabeth,Garrett,melissa83@gmail.com,16lOmWEJ!F,1972-06-07
Danielle,Wright,millerwilliam@gmail.com,Y(4FRq63q5,1996-07-31
Jessica,Smith,bradysteven@gmail.com,$S_AJcumm6,1972-01-23
David,Richards,ashley69@gmail.com,B@G!W9&oXB,2005-06-16
Jennifer,Johnson,sarah46@gmail.com,$_8f3ZheiB,1967-04-18
Elizabeth,Mora,chasekrystal@gmail.com,#9kXslnWv3,1977-03-16
Mark,Mitchell,nhernandez@gmail.com,@_12DWj*2y,2005-06-17
Daniel,Strickland,blackwelllatoya@gmail.com,!0M2PpAgnO,1976-03-17
Robert,Duffy,margaretclark@gmail.com,^5^m5hHgxs,2001-05-07
Daniel,Hobbs,jonessusan@gmail.com,Hd_+)5Lpb@,2001-09-25
Daniel,Zamora,stephenwilliams@gmail.com,+7oJiima%T,1999-08-12
Scott,Sharp,foxmary@gmail.com,x$Ux0DhwI!,1980-08-12
Tyler,Brown,qtaylor@gmail.com,&567vQKilU,1964-03-31
Norma,Spencer,barnettdeborah@gmail.com,)q&5HDnty*,2005-01-09
Ryan,Diaz,brendan41@gmail.com,ugeY2Pj!@3,1975-04-30
Brian,Lowe,matthewflores@gmail.com,v7wj4Moa+7,1980-10-05
Anthony,Cooper,zpham@gmail.com,o4TLTsjA#A,1982-07-12
Michael,Bowers,henrytracey@gmail.com,_2zWjj#amC,1978-09-13
Ricky,Butler,ramirezcharles@gmail.com,$5uUredhKH,1980-08-20
Matthew,Wilson,kennedyjimmy@gmail.com,v(42ODIost,1998-08-21
Jimmy,Harris,john83@gmail.com,Lw$__9Ky)c,1975-03-20
Michael,Moore,jeffrey63@gmail.com,!d4(A9Kiz4,1968-04-09
Joseph,Black,tparker@gmail.com,M7+w#ZD7#y,1986-03-12
Brandy,Carpenter,valdezdiana@gmail.com,xN78NGp0+d,1969-08-27
Susan,Brown,michael48@gmail.com,7+QuMxdK%b,2005-12-12
Nicole,Weaver,eporter@gmail.com,&13JUZy!z),1981-01-22
Tiffany,Rangel,kellykatrina@gmail.com,jE1)VQdX&1,2001-02-02
Misty,Pugh,anacherry@gmail.com,1lzBc#TG^4,1992-07-08
Justin,Schneider,onealjohn@gmail.com,8hY4tQMa!7,1992-06-15
Dylan,Gallegos,afitzgerald@gmail.com,)7jq@Cy3Lh,1990-09-26
Jessica,Hendricks,brucedaniel@gmail.com,wMwb2D+nR%,2002-09-11
Walter,Oconnor,imiller@gmail.com,#qeUtIitj5,1967-06-06
Luke,Grant,darinroberts@gmail.com,_&Vw&Nkt7y,2005-10-04
Keith,Wolf,thompsonveronica@gmail.com,313kOmopY%,1964-11-08
Wayne,Herrera,smithashley@gmail.com,pg!7HQjS@t,1964-04-20
Juan,Martinez,louisortega@gmail.com,#eLY&pAG9G,1973-04-09
Suzanne,Kelly,georgepowell@gmail.com,(5&CVb%0ms,2002-12-12
Thomas,Rogers,opacheco@gmail.com,(M6v3YIq#@,1986-09-27
Tyler,Bradford,carl90@gmail.com,*HKLed2le6,1997-04-26
Jennifer,Armstrong,desparza@gmail.com,FV3UutwN$^,1984-03-25
Michael,Thompson,brandon51@gmail.com,(k7whHvN%4,1964-06-18
Joshua,Brown,john81@gmail.com,$13@hJy9eE,1978-03-10
Christopher,Kennedy,qlewis@gmail.com,Z&V0zGEg%3,2001-04-18
Christopher,Ferguson,ahernandez@gmail.com,UGN28BSm%@,1999-04-20
Nicole,Reyes,msmith@gmail.com,ydLvNZk)+2,1989-02-22
Sean,Richardson,ktaylor@gmail.com,+IliJ*pez3,1981-05-28
Andrew,Walker,andrew51@gmail.com,Bz%4BCzPhm,1993-06-19
Dustin,Mccall,robinsonalexandria@gmail.com,WNS0iNvs$),1981-09-30
Valerie,Carlson,dianewilliams@gmail.com,u)y03Lodn3,1966-10-19
David,Cervantes,craig70@gmail.com,@O41UbvxdC,1973-12-09
Lance,Hayes,cwilliams@gmail.com,(xQVT218S3,1999-01-24
Tammy,Watson,vcollins@gmail.com,i6+C3ymq&C,1995-12-21
Sean,Parker,julia99@gmail.com,Q)fo09xRgS,2006-10-03
Brenda,Garcia,gsmith@gmail.com,^^8iaBun&&,1968-06-28
Austin,Rush,michael30@gmail.com,5%4JXlbd!9,2000-04-23
Patrick,Frank,richard56@gmail.com,T1bpAk$r%*,1985-01-10
Michael,Yang,julia00@gmail.com,y0YNp!Va^D,1995-12-05
Julia,Shaw,cole59@gmail.com,usS2X2epF(,1974-10-05
Cheyenne,Randall,kcrawford@gmail.com,&)QJtb7Ir6,1991-09-18
Andrew,Melton,faulknerdavid@gmail.com,^O2hMxSf#$,1975-02-10
Keith,Hines,robinsonkyle@gmail.com,y&Gn2q3f)A,1996-04-27
Julie,Powell,xyoung@gmail.com,qMEz7Oh6M^,1994-10-20
Caitlin,Thompson,warrenmary@gmail.com,$b_jR_E+O9,1975-04-22
George,Gomez,brandirivera@gmail.com,GSGx2FMu%a,1993-06-25
Cody,Salazar,oliverjohn@gmail.com,mB3GwSLN&0,1969-03-04
William,Black,agreen@gmail.com,)j(oGMAk75,2006-04-28
Benjamin,Carroll,victoria77@gmail.com,F&3Laq(7)2,1968-01-20
Steven,Ramos,shermanjonathon@gmail.com,1y9hYOlrh@,1964-12-30
Hannah,Smith,mortoncharlotte@gmail.com,(!EL9ZmZpJ,1975-09-03
John,Mooney,marymiller@gmail.com,*fl_*cPdq5,1976-07-24
George,Jensen,parkrichard@gmail.com,L%+86DqAl8,1984-10-15
Tina,Huang,stacey11@gmail.com,^5nLK(n^(2,2000-02-06
Jonathan,Patterson,sbass@gmail.com,D1BY4dg(_2,2004-02-03
Michelle,Herrera,carolstark@gmail.com,$dPyMtd%%9,1971-11-21
Kimberly,Krueger,kimberlyjohnson@gmail.com,&JWzznEG_9,1980-11-28
Jerry,Campbell,reedmichael@gmail.com,+4Edq^Rd2F,1971-11-06
Jessica,Stokes,olsonadam@gmail.com,132k!Xg0C&,1984-03-05
Theresa,Brown,paul27@gmail.com,^iC3#DLl1K,1996-10-14
Blake,Adams,kevintorres@gmail.com,%1qdCdhp4e,1976-10-11
Troy,Mann,conleymary@gmail.com,@K3*$ZMcEI,1987-10-27
Dylan,Delacruz,josecarroll@gmail.com,L3)X+#xO%(,1981-10-29
Sharon,Gomez,melinda68@gmail.com,6^15EbzHd#,1967-12-29
Vanessa,Silva,carriemartinez@gmail.com,(9dfiFVq+0,1984-10-31
Gina,Washington,qclarke@gmail.com,k+)1uOXbfZ,1987-10-31
Jennifer,Randolph,jefferywoods@gmail.com,!&W7sHma_F,1998-11-05
Elizabeth,Terry,hgolden@gmail.com,!A2ECmM1Je,2003-11-16
Jerry,Lamb,lowesamantha@gmail.com,EW29J9zC0*,1967-12-03
Elizabeth,Shelton,deborah01@gmail.com,f1m$HAx+_V,1965-03-07
Kevin,Brown,jeremydunn@gmail.com,d#38F&tkwN,1979-04-03
Michael,Mitchell,davidgoodman@gmail.com,Msna4EvY^P,1991-02-23
Sally,Young,sbean@gmail.com,xR_3oSldfz,2004-01-30
Sara,Meyers,christinemiller@gmail.com,taV6YZfm_k,1984-09-26
Chad,Smith,jonathankaiser@gmail.com,#x5N!2b3kj,2004-11-02
Angela,Miller,kyle39@gmail.com,l_#ojAUk)7,1992-03-25
Jessica,Rodriguez,lisa32@gmail.com,$@3J$lb8#4,1964-09-13
Theresa,Murphy,kelly18@gmail.com,3QGZxypb%9,2001-12-23
Catherine,Young,georgewalter@gmail.com,j#I7Vtlq$n,1994-12-03
Sharon,White,lloydtony@gmail.com,!22mHepaWQ,1974-06-08
Melissa,Moore,alex26@gmail.com,!piwSbaN4i,1979-07-04
Tracie,Mccarty,johnsonstacy@gmail.com,v5Tyxnp(^D,1980-01-21
Adam,Spence,ucunningham@gmail.com,*0EZ6itiz6,1973-06-16
Jared,Harris,jamescook@gmail.com,7FuB@Po$#1,1991-05-14
Christopher,Smith,icabrera@gmail.com,F!10T9@Jlo,1972-02-17
David,Faulkner,dariusrodriguez@gmail.com,e7WE4Lr@+D,2004-09-23
Kevin,Lawrence,raymondzimmerman@gmail.com,JB4SQbuG$#,1997-05-14
Gina,Pope,ayalamonica@gmail.com,v3MM1ef@^8,1966-11-21
Michelle,Weber,crystalbaird@gmail.com,k6NvGUeF)k,1989-09-22
Hannah,Edwards,martinwendy@gmail.com,^8V)KJMDAz,1995-12-16
Samuel,Stevens,watkinsdean@gmail.com,9evO(ui8_7,1985-06-11
Sandra,Prince,michael47@gmail.com,oEfJ)zIH_3,1999-01-30
Jane,Larson,pamela63@gmail.com,noFb%USf#2,1993-03-23
Jacob,Zamora,lquinn@gmail.com,8X8OtZGY%G,1985-03-21
Christine,Smith,ajackson@gmail.com,C200Xss5h(,1992-11-25
Michelle,Morrow,josephbush@gmail.com,*Qk18Ths&f,1985-07-25
Tracy,Rosales,brandonphillips@gmail.com,A$uBOp^C^3,1999-09-07
Russell,Bowen,anthony07@gmail.com,s^%1WHh*ed,1988-01-09
Tonya,Castillo,jamessmith@gmail.com,nin8YgCz(8,1983-01-17
James,Jones,jaredjames@gmail.com,*K8Y5s0yc3,1979-06-19
Daniel,Holland,pblack@gmail.com,rNvp3URg&f,1990-09-15
Nicole,Cline,garnerclaire@gmail.com,$dxBuQi7t3,2005-12-07
Christopher,Moreno,crawfordheather@gmail.com,Hw_1SCCeB(,1978-06-27
Jillian,Goodwin,rhodessandra@gmail.com,2#0SZqrinR,1981-12-11
Melinda,Anthony,hoffmandaniel@gmail.com,_03qhVdJ@%,2001-08-03
Justin,Higgins,carlcarroll@gmail.com,#6CBEAyC6x,1964-10-28
Timothy,Thomas,michellemartin@gmail.com,V%VZ2ER8qa,1968-02-07
Anthony,Gonzalez,jacobwatts@gmail.com,M%0V7+a!0a,1973-09-14
Katie,Camacho,jgarcia@gmail.com,1aX*BKf(@),1991-01-06
Jessica,Hernandez,vmyers@gmail.com,w#93TZa_Cv,2003-06-24
Lauren,Smith,ashleysanders@gmail.com,^2FWfZRAR*,1994-01-27
Alex,Parks,julia70@gmail.com,%wiWkdQjm9,2000-12-28
Scott,Chavez,hwatson@gmail.com,%2hpW5Zk)4,1984-09-30
Jessica,Solis,sgarcia@gmail.com,U)4OkwzzNX,1980-03-29
Nicholas,Lowe,pellis@gmail.com,rN*4^LmiO&,1965-02-22
William,Tucker,xsmith@gmail.com,J5GQms3j)b,1998-12-19
David,Robinson,hallthomas@gmail.com,*!6Xv2@leN,1984-10-16
Erica,Wood,max41@gmail.com,C*8+JUuD$s,1989-05-01
Brandon,Lucas,amandahowell@gmail.com,3)_H8!HSSi,1998-01-12
Anne,Johnson,meagan91@gmail.com,_o0M65vp$!,1991-07-02
Katelyn,Dalton,sean38@gmail.com,F&3VnjTytK,1989-09-21
Steve,Gilbert,amanda58@gmail.com,ZHBD#5Cp&n,1970-01-09
Melanie,Mckinney,nancy90@gmail.com,)719Wrshrw,1992-03-08
Jeremiah,Mcclure,bethbrooks@gmail.com,%p4VcWak3^,1965-12-12
Nicholas,Thompson,lklein@gmail.com,c4QYaxVt!#,1985-11-22
Michelle,James,williamscharles@gmail.com,k26iTbN$$O,1977-06-26
Andrew,Watson,tjames@gmail.com,$31B*Nyc$^,1967-04-10
Nathan,Schmidt,ashley70@gmail.com,D#M3JE!vQR,1968-03-23
Michelle,Richardson,icarter@gmail.com,PT0Xh69c%$,1988-03-04
Thomas,Huber,figueroaevan@gmail.com,!9G27PRcnd,1970-05-14
Michael,Daniel,robert71@gmail.com,!qAgJeDf9Z,1987-08-04
Evan,Hughes,lgibson@gmail.com,^8Xwgn%I2l,1969-07-05
Colleen,Gonzalez,tylersmith@gmail.com,Bw4UEt@i(#,1968-01-06
Lisa,Ellis,flang@gmail.com,(9WbaT3i23,1965-07-21
Lindsay,King,bakerchad@gmail.com,2g0PKH4b@_,2003-01-20
William,Crawford,charleschaney@gmail.com,^6jIFkr928,1967-10-19
Monica,Bailey,thomasjulia@gmail.com,u7_T$ZJE+F,1988-01-19
James,Howard,shawnsanchez@gmail.com,_NRuPIdo1*,1973-02-02
Jacob,Woods,elizabethowens@gmail.com,V$_J3Zliyt,1995-02-12
Joshua,Stevens,tammypatel@gmail.com,Z)6UScan1&,1988-09-17
Elizabeth,Goodwin,qfields@gmail.com,Qh76M)db$q,1993-06-17
Jerry,Tucker,milestina@gmail.com,V1J2B(e%(m,1998-05-24
Anna,Best,tbrooks@gmail.com,$8G&H)l39V,2004-04-11
Jimmy,Herrera,huangsonia@gmail.com,Se!531Taw$,1964-08-21
Curtis,Mathis,lisa55@gmail.com,5)2BXnkerf,2005-06-15
Jennifer,Francis,lberger@gmail.com,0T37h5Ufv),1991-11-07
Michelle,Briggs,sparkskyle@gmail.com,w)4PfcW4d^,1992-09-05
Ashley,Fields,eholt@gmail.com,!6Qx(%jfiP,1987-11-10
Samantha,Anderson,tim54@gmail.com,%28P2ey^Yl,1994-01-30
Kevin,Brown,reynoldsdana@gmail.com,yCIgFIPe%6,1999-05-13
Mario,Kim,joseph94@gmail.com,&sr5NBDpp^,1977-11-17
Sandra,Johnston,pellison@gmail.com,Ruy3VncG*H,1978-03-17
Brittany,Stewart,qcrawford@gmail.com,Py3(fM(h(q,2006-11-12
Jean,Thornton,fgarcia@gmail.com,)fS3PfxTaR,2002-02-10
Wayne,Rodriguez,christopherhendricks@gmail.com,P!0)0buuyG,1975-10-07
Joseph,Nichols,reedgregory@gmail.com,h0CS^iM7&V,1974-09-11
Jessica,Richard,kescobar@gmail.com,F^9sDioMzj,1990-11-17
Jessica,Tate,sophiarobbins@gmail.com,c25h7OEkU*,1996-11-30
Brenda,Torres,trevinolevi@gmail.com,Qma4$0Po*p,1996-02-01
Anna,Valdez,brittany83@gmail.com,$wANzHeiQ2,1993-08-28
Andrew,Finley,lindsey99@gmail.com,e)6HL4PcAe,2006-02-25
Vicki,Pope,fwalker@gmail.com,qkV3Ds5q!w,1968-11-06
Christopher,Alexander,jenniferwarren@gmail.com,_0SYrG_736,1985-03-19
Donald,Robles,danielle10@gmail.com,pw!3SxxJ*(,1986-03-01
Jeffrey,White,qharris@gmail.com,n3(4GiUq)h,2004-11-30
Arthur,Jackson,kevin72@gmail.com,70nXKSaY+_,1971-08-03
Jessica,Smith,angela78@gmail.com,_+tQVEiLj2,1999-04-07
Kelly,Dominguez,jason64@gmail.com,bF$k@6PaDE,1981-07-31
Aaron,Stone,veronica49@gmail.com,*d6e6Krih!,2003-12-08
Robert,Walters,cynthia96@gmail.com,OYH^8IAv!M,1978-07-18
Marvin,Pearson,davidbutler@gmail.com,FHi4RWgiV^,1964-09-05
Debra,Lewis,macdonaldlisa@gmail.com,yLj(4QVpE3,1993-06-24
Katherine,Hicks,harrisamanda@gmail.com,+1o33sxPdC,1964-05-27
Elizabeth,Lee,tdodson@gmail.com,)kehFrnb!7,2005-03-28
Christopher,Freeman,xbrown@gmail.com,_+6ULPzs#p,2003-05-25
Nicholas,Blake,candacepage@gmail.com,#4Upr4KdXy,1987-04-09
Brian,Hayes,reginawilliams@gmail.com,lN4PVgmyo$,1989-08-02
Ryan,Taylor,mcintoshmatthew@gmail.com,(4B^!AYqYa,1972-04-19
Jeffrey,Mccarty,johnyoung@gmail.com,kIR_zw!n%9,1979-01-09
Sarah,Mcconnell,yconner@gmail.com,9(8A&g+SPt,1999-06-15
Karen,Knapp,whitedorothy@gmail.com,N5B3Z6Ij%j,1993-07-28
George,Sutton,pamela95@gmail.com,!(5V0BhP9j,1971-08-22
James,Silva,cynthiavang@gmail.com,$3HCoq&t!8,2002-11-21
Linda,Schmidt,jthomas@gmail.com,*+4QUgRvY^,1975-07-30
Paula,Odom,ryanmaria@gmail.com,l&18OdBjf!,1973-05-29
Daniel,Ellis,wmckenzie@gmail.com,NC21P)ml&Q,1991-09-21
Kathleen,Andrews,tara44@gmail.com,Y@(m5YI&Tg,1977-09-17
Bethany,Johnson,vcastillo@gmail.com,u&1TCqx%&r,2006-08-20
Andrew,Singh,clarkashley@gmail.com,KUzn6$wr)&,1996-08-13
Julia,Bauer,nathan84@gmail.com,Y6elPd6g(+,1968-01-10
John,Kelly,ingramsean@gmail.com,DY)VG1Ji$!,1986-11-21
Grant,Gibson,lharper@gmail.com,@0qgYa*s#E,1972-06-06
Steven,Golden,christina75@gmail.com,Y&2QdSGy(O,1994-01-08
Donna,Hayes,ashleyfreeman@gmail.com,Ko54_Yb+^#,2001-08-12
Tommy,Cox,daniel57@gmail.com,HT_0SSxS2#,1988-10-25
Samuel,Mcmahon,christopher39@gmail.com,(5UmhBKbz#,1984-06-03
Ronald,Arnold,thompsonbrian@gmail.com,87NO6CTu$v,1993-11-29
Trevor,Ingram,jenniferhess@gmail.com,@(3JnXmgPl,1991-03-21
Mark,Hill,jjackson@gmail.com,w3Mx9BJ@!E,1976-07-05
Glen,Kline,laura11@gmail.com,+9&jFLgngo,2003-09-30
Chad,Scott,etrujillo@gmail.com,%Y_wxGV26i,1974-10-05
Veronica,Oconnor,nathan62@gmail.com,2E5zfY17#p,1987-10-05
Francisco,Walter,rachelyang@gmail.com,*u0T*hs3x2,1971-10-20
Allison,Perez,ekeller@gmail.com,km8$Kl%#@9,1966-11-20
Heidi,James,renee59@gmail.com,%T13OY6h0h,1968-03-20
Amy,Brooks,jasmine51@gmail.com,J6mB%k8p#N,1983-12-01
Laura,Mills,harrisonelizabeth@gmail.com,n^1XDxQl7r,2000-05-17
Kim,Edwards,brendahiggins@gmail.com,H!9ZJ#+mPa,1997-05-12
Michael,Thompson,wadeedward@gmail.com,18IXIpwt&n,2005-05-30
Ryan,Walker,ashleyharris@gmail.com,d(#5tIah5s,1993-09-24
Jessica,Dean,monica65@gmail.com,AQ9LYWHi@*,2003-10-19
Zachary,Garcia,angela33@gmail.com,L8CILmkb_x,2000-05-15
Matthew,Hill,ewhitney@gmail.com,a0WufgEl_b,2002-10-15
Linda,Ruiz,upadilla@gmail.com,kyKkl1Fi#4,2004-04-05
Justin,Parks,zharrison@gmail.com,^3k+Jzb7+J,1978-06-19
Francisco,Mcintosh,reyescassandra@gmail.com,H!71#N&gr8,1969-11-10
Julie,Franklin,jeffrey41@gmail.com,$nt5Qb7s!L,1964-08-29
Kyle,Ortiz,yhicks@gmail.com,*p)U2$Dq2c,2004-04-03
Gloria,Holden,eray@gmail.com,$i06KVun8b,1981-05-14
Derek,Griffin,martinezamber@gmail.com,$4VYTDqvl#,1968-02-26
April,Aguilar,uvega@gmail.com,##1Bx3mhAx,1993-05-18
Mary,Robinson,davidroberts@gmail.com,h1YA$jFR#u,1990-10-05
Larry,Walker,joywright@gmail.com,P19_(Zdc!*,1970-06-28
Mary,Hall,curtis75@gmail.com,it8SKsuC#O,1980-10-29
Maria,Webb,valerieavila@gmail.com,2#R58Leg^K,1974-09-04
Brittany,Stark,nguyenjessica@gmail.com,!p5kXj+!EP,1987-12-13
Barbara,Brown,bakertimothy@gmail.com,!$UJrqUf*2,2003-12-15
Erika,Rivera,megan30@gmail.com,*rOAe6%(3s,1965-07-04
Tara,Little,rebeccasims@gmail.com,7YQ3X3Ni9%,1995-01-26
William,Fuentes,ashley55@gmail.com,EC3pT)fU#+,1998-11-19
Kelly,Decker,taylorjoseph@gmail.com,^ShhPi2d+7,1984-03-16
Lawrence,Colon,stevenspatricia@gmail.com,5ERYq%w7D(,2001-11-28
Ricardo,Evans,jasonfrazier@gmail.com,BgGxuh+T)4,1966-02-04
Sherry,Boyd,meganobrien@gmail.com,$hmheXkD86,1989-06-21
Tony,Wall,phyllis54@gmail.com,Gzb10RoXk#,2002-09-06
Mary,Hayes,lisa43@gmail.com,+)06U^yv0%,1967-12-15
Susan,Garcia,ghunt@gmail.com,@8SBF7eI*+,1995-02-25
Travis,Davis,bgarcia@gmail.com,+tAi9LphF4,1979-10-30
Shane,Brown,evelyn27@gmail.com,_Z4kFNx@&H,1977-04-10
Deborah,Atkinson,jwalsh@gmail.com,^4+asoOchf,1981-05-28
Tricia,Olson,bmendez@gmail.com,)I_@Jvib0N,1974-12-02
Todd,Wade,ccalderon@gmail.com,S@12*IEZsu,2006-01-06
Steve,Shannon,kristinastrickland@gmail.com,IJJxhVip&9,1984-09-22
Michael,Lopez,hphillips@gmail.com,M+1Douog!S,1977-09-14
Mary,Davidson,ymiller@gmail.com,X2lN%ahe(6,1980-10-18
John,Gordon,bethany09@gmail.com,YI(5ZmAD$p,1968-02-02
Evan,Joseph,alexanderjensen@gmail.com,SRv!o5Eye3,1972-04-19
Billy,Ramos,angela04@gmail.com,7DYN9Iawi),1994-02-14
Richard,Bird,shannonmullins@gmail.com,_71F+KhtLW,2001-01-20
Adam,Morris,williamevans@gmail.com,&XDPUZFw*7,1990-02-23
Robert,Reed,jensenjames@gmail.com,+cWvjKkSH2,1972-09-30
Jennifer,Johnson,mark43@gmail.com,MhY83qUKq&,1966-08-14
Jean,Smith,tsteele@gmail.com,iQ!2)(Gqqo,1972-03-18
Donald,Townsend,bschwartz@gmail.com,qM1T3GXbD#,1993-04-02
Jared,Jordan,oarnold@gmail.com,(YXJhMboq4,1998-06-23
Dennis,Caldwell,justin27@gmail.com,O7Mh@xzp+6,1982-03-14
Christine,Jensen,lorettastafford@gmail.com,)FC8M%k^G8,2005-04-09
Kimberly,Hammond,kmeyer@gmail.com,@(3lHIqrE6,2003-03-10
Gregory,Anderson,iphillips@gmail.com,&37Lm+*$5!,1998-11-26
Travis,Reilly,yparker@gmail.com,#!H2PA0o)L,1968-04-21
Patrick,Lawson,wilsonalisha@gmail.com,Q3u+8BAnXE,2001-12-13
Natasha,Welch,jermaineatkins@gmail.com,3v&2Gpk%^E,1999-10-04
John,Combs,taralong@gmail.com,Q+Ed3uDm8k,1985-06-24
Kristin,Klein,wandrade@gmail.com,U6&xqL0j#S,1984-10-27
Christopher,Paul,wilsongina@gmail.com,&1UNsEam(v,1992-07-11
Felicia,Davis,jennifer01@gmail.com,Sj&s34MgnV,1996-11-01
Brittney,Hines,josephoneal@gmail.com,N$u(KNqV*5,1994-09-27
Vanessa,Mejia,patriciavalenzuela@gmail.com,k(8&Zw8rN8,1992-02-16
Nicole,Fisher,zirwin@gmail.com,^y8QolIC+q,2001-01-12
Douglas,Michael,kelsey40@gmail.com,q_0Ew3HtBE,1982-10-05
David,Dominguez,stevenskathy@gmail.com,1gMtRVPe+1,1973-10-25
Duane,Wilkins,pclark@gmail.com,Y6AROTpy(u,1964-09-23
Sara,Woodard,holly26@gmail.com,+QZ(eJwj4h,1989-11-23
Diana,Patrick,davisjason@gmail.com,$e67Vs)0PE,1977-10-03
Antonio,Horne,andrew76@gmail.com,%NB$kLW04v,1994-05-06
Mary,Shaffer,pruittchristopher@gmail.com,fGN67JbxJ),1988-05-22
Michael,Harrell,johnathan05@gmail.com,L_3ZvounN^,1987-10-27
Justin,Owens,qthompson@gmail.com,I6xX@7RaRE,1970-08-05
Ashley,West,thomas16@gmail.com,+2I5BEw18t,1970-04-27
Susan,Ward,danieledwards@gmail.com,g#!o9CLvvb,1986-12-17
Charles,Schultz,wilsonjennifer@gmail.com,!72WEx8s^h,1998-02-21
Robert,Black,bennettkristen@gmail.com,Sy+i6HUp_H,1965-03-07
Thomas,Fitzpatrick,edwardking@gmail.com,9%tGo8Pjvr,1983-11-04
Joseph,Phillips,pricejanet@gmail.com,x@W3j$IpUO,2006-07-26
Andrew,Cabrera,victor09@gmail.com,!B(Tgp+q%1,1983-06-15
Leslie,Turner,nicolesimmons@gmail.com,@H3Fiiz7zC,2000-10-04
Rachel,Smith,andrew05@gmail.com,W%ea&0Ukmv,1984-05-21
Christopher,Mckinney,michele02@gmail.com,%SCjrn#^$6,1995-01-02
Eric,Morgan,martinezangela@gmail.com,@GmMCNXc*7,1988-03-12
Robert,Mann,mary01@gmail.com,#2B*(GIb&1,2000-11-27
Jennifer,Patrick,kelly71@gmail.com,g!9tVG8lbu,1996-04-07
Brianna,Franklin,rachel53@gmail.com,+!TEMg#u0+,1987-03-12
Kristen,Heath,grossadriana@gmail.com,)9UDHHrxi!,2005-03-14
Emma,Edwards,diazlaura@gmail.com,@BsUSo)d43,1964-08-07
Heather,Barker,megan34@gmail.com,n4FmWeL#)J,1975-08-31
Alicia,Olson,osandoval@gmail.com,s%9Pf$LlLv,1983-06-20
Ryan,Lindsey,millerrobert@gmail.com,^29HMm71(R,1993-02-24
Vincent,Bell,bernard96@gmail.com,_SXYcVhh0h,1989-05-25
John,Case,martinezshelby@gmail.com,)7c#LmYman,1978-05-06
David,Benton,ftorres@gmail.com,$kD*4GKdkm,2005-04-20
Kevin,Barnes,stephanielane@gmail.com,A&F7QiN6iR,1991-07-08
Amanda,Webb,shoffman@gmail.com,_B70Q(dDk9,1966-05-07
Rodney,Pitts,brownkenneth@gmail.com,U6p(g+Yj^y,1986-01-20
James,Thomas,ewhite@gmail.com,+%7UGeVB&F,1966-08-17
Charles,Griffin,hickmancole@gmail.com,d03^y*S+)2,2002-02-18
Natasha,Miles,fpineda@gmail.com,%39D&NDdwD,1983-06-01
Andrew,David,ivasquez@gmail.com,Q!31k0y%cZ,1987-10-31
Sandra,Price,lori17@gmail.com,c)0Dkdvh+F,1972-04-16
Amanda,Dalton,solson@gmail.com,H0wZhSi&$U,1993-02-11
Raymond,Dunlap,jared01@gmail.com,SYGCMoMl+8,1988-07-27
Kelli,Hudson,bgregory@gmail.com,i4VfJ_gi(K,1978-08-20
John,Ruiz,grussell@gmail.com,ec1Wmcf0+M,1989-05-12
Cory,Miller,bakercheryl@gmail.com,v8#0Mv5w(L,1977-09-07
Michelle,Baker,beverly54@gmail.com,^IdsRq9Zm7,1972-12-29
David,Maldonado,lanedaniel@gmail.com,^#hbERscQ3,1992-03-06
Lauren,Collins,lisaking@gmail.com,_7Q%GnSbuk,1990-01-08
Kevin,Stokes,teresasheppard@gmail.com,H08WBAOr+9,1967-04-16
Dan,Smith,willisdaniel@gmail.com,&bP(VhgMm8,1991-10-29
Stephanie,Johnson,lisamason@gmail.com,H4Wyu9^n$Z,1965-08-23
John,Romero,james94@gmail.com,Xy9ILzke$T,1993-02-08
Margaret,Henry,zsuarez@gmail.com,EC+6C2hY6j,1983-06-30
Stephen,Carter,jterrell@gmail.com,MmR$2SYq(g,2003-07-11
Valerie,Wilson,morrislatoya@gmail.com,Z+D#5HDyV%,1971-12-18
Scott,Phelps,williamskatherine@gmail.com,*WdrGbGp#6,1986-05-30
James,Lawrence,lisa14@gmail.com,iLBAzL#T)1,1966-12-25
Christopher,Weiss,katherinedawson@gmail.com,5W9WI6km&@,2002-01-06
Cynthia,Willis,brandismith@gmail.com,!VaNGq&CV2,1997-02-07
John,Graham,simpsondaniel@gmail.com,oB5*8Dvvz+,1978-04-15
Erika,Norman,terri46@gmail.com,!pq5DtrA9k,1976-12-09
Emily,King,roachcatherine@gmail.com,1BKwV0zt$(,1972-09-15
Stacey,Smith,davidwarren@gmail.com,)+MG8ThqAr,2004-01-14
Julia,Brown,berrychristian@gmail.com,*!kHgf5kO0,1991-02-27
Benjamin,Hampton,romerodenise@gmail.com,+_8REzyku(,1985-04-04
Sarah,Peters,nmyers@gmail.com,0)Y0wkLY$4,1985-12-07
Alexandria,Hardy,mckeemia@gmail.com,&5OQl1%fRZ,1974-05-22
Erica,Butler,wwood@gmail.com,U@3JZsmUn^,1966-11-28
Anthony,Collins,curtisweeks@gmail.com,)2URWr%MII,1973-10-13
Justin,Mills,kwoodard@gmail.com,$CqB1lTiK%,1984-05-31
Nicholas,Walker,hunterlee@gmail.com,!eQAhF^n9@,1995-02-13
Cynthia,Gibson,lisalewis@gmail.com,Zd7l^Dzz*&,1997-04-01
Barbara,Barnett,mguzman@gmail.com,&@!0RyluH%,1993-02-02
Brooke,Jones,palmerkatherine@gmail.com,&3tPyx#^&!,2006-03-20
Oscar,Jones,jamiesandoval@gmail.com,5^!G2QYgYX,2006-12-31
Nicole,Lawrence,cowandaniel@gmail.com,#9ZLKheSCL,1969-01-21
Richard,Mann,elizabeth96@gmail.com,d_G2Agd)ls,1974-09-25
Michael,Chase,evelyn40@gmail.com,3@2DB&xX4i,1989-12-16
Mark,Williams,marisawest@gmail.com,)L2NoMh(+2,1981-03-30
Ricky,Hughes,oryan@gmail.com,q0jpyJFs+k,1992-10-07
Tracy,Allen,ksmith@gmail.com,#M39NVlhf1,1972-10-10
Kimberly,Benton,adkinsdiane@gmail.com,Piev3tEb)L,1970-04-20
George,Herrera,ashleysmith@gmail.com,+Fw004MapR,1992-08-15
Kenneth,Larsen,angelaclark@gmail.com,(TnWkyRO_8,1972-12-14
Kimberly,Tapia,sparksdouglas@gmail.com,#qm_3WcuX$,1984-04-24
Nancy,Luna,etate@gmail.com,$DAaQ&yby2,1995-11-26
Victoria,Cantrell,wpaul@gmail.com,#&+fo6Vcm8,2005-04-12
Robert,Johnson,mcdanielamanda@gmail.com,#3oOHXQV_k,1971-07-23
James,Russell,velasquezbarbara@gmail.com,+3aGYDrQ@G,2001-07-03
Veronica,Cunningham,yparker@gmail.com,1bPNMsi1+S,1996-11-03
Joshua,Hughes,vgreen@gmail.com,*807JetN!!,1992-07-01
Robert,Ayers,shawn03@gmail.com,cf%10Mv$KC,1996-07-17
Laura,Smith,kingraven@gmail.com,D0c4BWl_M#,1988-02-21
Michael,Cox,laura05@gmail.com,MK0ZBnPv&0,1965-09-03
Sarah,Ball,paulajohnson@gmail.com,&6So#saxO+,2000-11-23
Tracy,Bailey,briandominguez@gmail.com,B+L@4B8c0V,1974-04-30
Mark,Gamble,chill@gmail.com,Q7RQ^gtp^),2005-02-06
Mary,Shelton,john51@gmail.com,_62AWnxs52,1993-04-05
James,Gibbs,samuelmoore@gmail.com,!Q4JKo*zm4,2000-11-09
Mary,Rivera,jordanjoseph@gmail.com,&!T6Qw@d$Y,1986-07-14
Bryan,Thompson,davidlewis@gmail.com,_9712Z4vQb,1968-11-26
Ronald,Green,kristenjohnson@gmail.com,)A4X0MKbC@,1985-11-25
Barbara,Carson,alexis61@gmail.com,(dusLMjJ7F,1990-02-11
Morgan,Moore,stephanieperry@gmail.com,d^7BDBUciq,1999-12-25
Tyler,Barron,graywilliam@gmail.com,&7WkyEDtxG,2005-03-21
Thomas,Contreras,birdsarah@gmail.com,_qt#2QBpzV,2003-07-22
Kimberly,Simon,arnoldkatelyn@gmail.com,%!7rz9UfP%,1972-05-30
Carolyn,Hernandez,qedwards@gmail.com,0H327Zj5d$,2002-04-25
Blake,Bridges,kevin17@gmail.com,OtE5(YTVq@,2002-10-06
Jennifer,Ellis,stephanie31@gmail.com,_wMa1wJy5v,1979-12-08
Christina,Vargas,scastillo@gmail.com,1wTL&&6!@6,1999-05-24
Samantha,Rodriguez,johnsoneric@gmail.com,M6^gJs4z^r,1997-01-11
Renee,Ferguson,nichole48@gmail.com,GH11Qkw_)h,2002-03-05
David,Patrick,cynthiawagner@gmail.com,8(97PJyq$5,1965-05-28
Justin,Moreno,pwright@gmail.com,lw^1BRZbjU,1975-12-29
Brandi,Long,blakesullivan@gmail.com,B2I^M0Dj)l,1997-08-01
Elizabeth,Dorsey,tray@gmail.com,)@7MNbq7Z*,2001-10-30
Emily,Floyd,lesliedavidson@gmail.com,!1SLic@jad,1966-09-26
Ethan,Chan,plowery@gmail.com,mZRxQYKT&0,1987-01-26
Elizabeth,Hernandez,kristen89@gmail.com,)Db81CrI81,1982-05-15
Joshua,Carpenter,leahdiaz@gmail.com,!utIlGZ(97,2004-01-25
Jorge,Evans,pwilliams@gmail.com,%7@JOSn$RC,1999-12-21
Mark,Ruiz,vasqueztaylor@gmail.com,%5HVox6)JF,1993-05-27
James,Robinson,sheltondavid@gmail.com,_3Rxw8TvVe,1991-01-03
Denise,Schmitt,christopher50@gmail.com,+7lnIL%Wah,1976-03-06
Carlos,Burke,edwardsmorgan@gmail.com,qM5jZPGj*K,1997-10-10
Joshua,Hunt,leslie99@gmail.com,(#7DmnLCvx,1996-11-18
Samantha,Woods,chad07@gmail.com,g6)%0fWo@$,1968-07-22
Lindsey,Thomas,christopherhines@gmail.com,M%1BLjfUY+,1977-04-25
William,Roberts,kaylafrazier@gmail.com,E8(38NahNY,1976-12-10
Maria,Valentine,hessrobert@gmail.com,%g1HTf*2YO,1980-11-04
James,Wells,ysmith@gmail.com,52WrMGB6&r,1980-11-01
Jermaine,Perez,sharonevans@gmail.com,I@sA@4ZziI,1999-02-10
Johnny,Kelley,vyoung@gmail.com,7)Gf8DkqfV,1976-11-29
Abigail,Webb,erikwheeler@gmail.com,zB!K0*oR$5,1994-08-09
Crystal,Hamilton,kevinbenson@gmail.com,qCd(55Yo5),1985-03-18
Donna,Hutchinson,burchjames@gmail.com,#fZBxHBjq9,2004-03-31
Dan,Kerr,torreswarren@gmail.com,!%8(ADRlF_,1999-03-15
David,Adams,schneidermichael@gmail.com,v2Mxy_q5$T,1974-03-23
Erin,Guerra,heatherthomas@gmail.com,G13bEgam_t,1965-11-02
Daniel,Herrera,william38@gmail.com,*5Mom_+a%$,1973-04-06
Andrea,Simpson,taradavis@gmail.com,%2Oo33)nIH,1975-05-05
Brian,Mclaughlin,amiranda@gmail.com,UJ))Y6Jq^N,2004-12-19
Shari,Perez,austinhernandez@gmail.com,pO16K9pe$W,1971-03-22
Melvin,Smith,rachelowens@gmail.com,5EaE#Gub&j,1983-05-28
Jose,Oliver,mcabrera@gmail.com,@LPHaclJc4,2000-06-30
Lisa,Thompson,xlong@gmail.com,J(k+4Ve!fV,1977-04-21
Alexa,Parks,adam04@gmail.com,!0xDHOtAXI,1974-04-14
Benjamin,Donovan,krystalparsons@gmail.com,Ke*8AKLd!6,1980-09-28
Jon,Nguyen,holly78@gmail.com,*42xOJWypH,1985-08-02
Robin,Cooper,sophia27@gmail.com,+yx38@Wcxp,1995-01-02
Noah,Chen,derrickjackson@gmail.com,%4jNegs$Ui,1979-04-18
Todd,Peters,usilva@gmail.com,^8V#UTka&@,1972-03-29
James,Rodriguez,robertjohnson@gmail.com,%&#5X4Nrf7,1971-11-23
Samuel,Hill,jonesmelanie@gmail.com,_)YZi*Ls5k,2003-07-07
Tracy,Hopkins,ujackson@gmail.com,Dh*!6YbeO$,1980-08-25
Steven,Moody,obrooks@gmail.com,7&rd%y#w@J,1996-12-25
Robert,Jackson,lmason@gmail.com,AJ!+1U*ixQ,1983-06-23
Anthony,Williams,rodneyhernandez@gmail.com,wS9kN4tSb_,1965-05-14
Melissa,Cruz,cdawson@gmail.com,&2NE1MnIpU,2006-05-07
Alexandra,Nguyen,schmidtjennifer@gmail.com,006YZsB4$u,1993-11-08
Eduardo,Jones,millssusan@gmail.com,AN8yAcstT@,1993-12-01
Amanda,Davis,jacquelinetaylor@gmail.com,3%MjmFaY+4,1972-11-30
Robert,Morrow,xblack@gmail.com,z4oBL+kI$q,2005-10-20
Douglas,Gallagher,dennis16@gmail.com,+Heb#Wpc+3,1990-10-19
Catherine,Levy,salazarnicholas@gmail.com,H4zIzqS##s,1966-04-27
Jamie,Jordan,jimeneztamara@gmail.com,#RSRjjg1_4,1981-05-05
Teresa,Hancock,jessicapatterson@gmail.com,@49hBogs^W,1973-01-03
Brian,Oneal,melissa97@gmail.com,l^ddU7Frwn,1996-03-27
Brittney,Miller,lauren13@gmail.com,Yc0m)Pto(),2004-06-30
Patrick,Rogers,thomasbrooks@gmail.com,(b6kD*Ggoe,1973-10-26
Emily,Taylor,candicecowan@gmail.com,)E5lUByu*d,1987-07-11
Jeffery,White,maryburnett@gmail.com,T!m3&UEaYU,1974-10-29
Michele,Whitney,james02@gmail.com,!2oTr9_iEl,2002-07-16
Anita,Johnson,lyoung@gmail.com,EADMSqZh)9,1998-12-24
Brandon,Baker,april39@gmail.com,O3O*slEr%4,1991-06-27
Julie,Peters,estradamark@gmail.com,TG2dDTGl^X,1999-12-13
Samuel,Jenkins,igonzalez@gmail.com,4513UNzs+a,1964-05-13
Meghan,Gordon,shannon74@gmail.com,U30PaLWpc*,2003-10-30
Joshua,Gonzalez,colleen17@gmail.com,3XI3!8Ve@*,1999-05-08
Richard,Lewis,twilliams@gmail.com,*X0l4HKeZG,1995-07-10
Denise,Gomez,christineallen@gmail.com,&90E_i_f&*,1991-05-16
Dean,Shah,thayes@gmail.com,*v13S3UmBE,1973-04-17
Paula,Anderson,beasleyjon@gmail.com,1wRVabcx!8,1982-04-05
Juan,Romero,robert04@gmail.com,ot*2Gz0lp),1985-06-02
Lindsay,Jimenez,samanthapalmer@gmail.com,+bq7&Gobl%,1983-07-08
Jennifer,Moore,singhjimmy@gmail.com,#6!yRLUEXr,1979-04-23
William,Chase,amitchell@gmail.com,ne*8v5FezA,1981-10-03
Kerry,Crawford,psanchez@gmail.com,ReP!eLA&+9,1999-12-19
Susan,Smith,wattsvictoria@gmail.com,@3Z4Mi*A5f,1995-12-29
Autumn,Myers,qweaver@gmail.com,)Z!Le*Af62,2001-03-23
Lisa,Jones,gregory46@gmail.com,P#5Kxxx$g2,1999-01-18
John,Griffin,lmason@gmail.com,SdL0&Djin#,1997-03-26
Rebecca,Valdez,foxgeorge@gmail.com,q(5AFuN!Y&,1989-02-09
Michael,Espinoza,wesley62@gmail.com,9s29uZvu(&,2002-03-14
Ashley,Reed,harrywyatt@gmail.com,Xw@2KZ!c@z,1994-02-10
Ashley,Cannon,phillipsdonna@gmail.com,++tMV#dr7@,1988-01-24
Tracy,Murphy,melissanelson@gmail.com,H_9PAN*s*!,1979-10-28
Joe,Patel,rogerscheryl@gmail.com,_83*SkUe9C,1974-09-25
Marisa,Johnson,justinhernandez@gmail.com,N0KFArnq%q,1969-01-29
Jason,Schroeder,sarahwallace@gmail.com,!nF4nQYcfd,1977-10-03
Michael,Ho,lindaperry@gmail.com,+M5a1UXc%1,1990-12-02
Steven,Estrada,donaldnelson@gmail.com,$kWy6@mlC3,1981-09-13
Anthony,Jones,carollambert@gmail.com,&k1Nd5y1h%,1975-04-15
Jonathan,Anderson,johnsonphillip@gmail.com,%p@FB$Cw65,1992-02-12
Brenda,Duran,christopherrich@gmail.com,*z3JR4xn%*,1988-09-11
Benjamin,Webb,leonardjoseph@gmail.com,ifF3yNoq(_,1969-12-13
Amanda,Bennett,ambersuarez@gmail.com,My_5IVti0+,1979-12-28
Kimberly,Brooks,todd68@gmail.com,9X1MM4npz*,1967-09-14
Michelle,Bender,erikaaguilar@gmail.com,&d$NFMps13,1970-11-20
Tyler,Odonnell,dhuffman@gmail.com,*aUE7wmS+9,1977-06-15
David,Contreras,john37@gmail.com,^Aj6DCHiP*,1991-08-25
Jack,Williams,qmiller@gmail.com,B81LIfZ@@&,1994-01-26
Rickey,Rice,wdavis@gmail.com,&@E9yT$cvA,2004-11-17
William,Baker,cortezmiranda@gmail.com,_h0NODFrO2,1986-01-14
Jeremy,Jackson,carrollcynthia@gmail.com,(EOFU78_x5,1974-05-26
Douglas,Oconnell,jcook@gmail.com,n!1n!4Pj+P,1980-11-22
Jennifer,Mcknight,zoe24@gmail.com,7^O9RQ2e7y,1990-05-16
Richard,Davila,vjackson@gmail.com,+6KSLad4zz,1974-09-12
Amy,Rivera,nicholssusan@gmail.com,EM0H%ndcc),1985-11-17
David,Ho,vhurley@gmail.com,*I4CkUjY*_,1966-07-16
Crystal,Baldwin,melissakelly@gmail.com,ZD3B3MWn+o,1999-07-14
Justin,Garcia,sarahferguson@gmail.com,#3nWmdSgVB,1972-06-17
Timothy,Murphy,wpayne@gmail.com,)otXW0L_4#,1985-10-26
Nicole,Young,robertgrimes@gmail.com,Jr%5@GVhoc,1966-07-20
Robert,Hogan,bmolina@gmail.com,A9!Rqzb^^D,1974-01-04
Michael,Mathews,tina09@gmail.com,*C6AJaPx*b,2005-06-19
Joel,Herrera,yharvey@gmail.com,*0%H$yUx$m,1974-09-25
Nathan,Glass,bartonjoseph@gmail.com,x_2jU^PD7v,1989-07-16
Isaiah,Cobb,bhernandez@gmail.com,k69HaaH)@0,1973-11-05
Laura,Foster,jennifer87@gmail.com,@*C4F+Ivl2,1970-01-05
Thomas,Beasley,davieslisa@gmail.com,^#3W)QNaC%,1994-10-27
Elizabeth,Daniel,christina72@gmail.com,LyY7yKqrw@,1969-05-27
Gerald,Ramirez,john70@gmail.com,fCs5SXNx%_,1991-01-12
Craig,Aguirre,amybutler@gmail.com,8)!5vina_G,1989-07-16
Robert,Gamble,gjohnson@gmail.com,uo2KnOWk#(,1967-06-11
Troy,Johnston,lroberts@gmail.com,!0PMln$6ja,1983-03-07
Tara,Jordan,iwilliams@gmail.com,+0+XrRjOtM,1997-06-19
Jessica,Cox,brenda11@gmail.com,QA26MFytx^,1966-06-06
Alison,Thomas,jason44@gmail.com,7*_E)3Jmyr,1994-01-14
Justin,Moreno,vlopez@gmail.com,ua+Xd0Fv%U,1988-05-15
Joshua,Cox,gregory04@gmail.com,CQMD+yUe(1,2004-05-04
David,Decker,rachel11@gmail.com,+dG3+4D*p9,1977-05-16
Jacqueline,Thompson,amyjimenez@gmail.com,P70YpUmk(R,1974-08-20
John,Flynn,courtney65@gmail.com,@6Njplzltu,2006-06-08
Savannah,Kelley,zphillips@gmail.com,@21q9I2V^s,1990-06-20
Michelle,Cook,qbryan@gmail.com,E+o_w6T%Hn,2001-07-05
Charles,Coleman,romerojessica@gmail.com,!95SsvdR_!,2004-08-17
Alexa,Gonzalez,hannahharrison@gmail.com,qN7E^uL!K!,1994-12-19
Kim,Perry,rebecca22@gmail.com,+48KFMe1O2,1994-06-09
Edward,Clark,daniel38@gmail.com,@Kb99GmV*W,1987-09-21
Amber,Berry,emma18@gmail.com,)1j2bOYteR,2003-12-27
Laura,Stephens,james47@gmail.com,u^VN$fy@(9,1983-10-27
Mary,Lee,psmith@gmail.com,BD9PenMj6*,1973-02-16
Dwayne,Dominguez,jay93@gmail.com,cLvpUiRj+4,1973-06-01
Jeffrey,Miller,wjensen@gmail.com,*LZV2R5Vv4,1992-04-17
Randall,Price,vweaver@gmail.com,Z(@xapks+2,1984-10-27
Gregory,Moreno,lawrence40@gmail.com,^ngH!@Pvv6,1971-08-10
Craig,Parker,sherri27@gmail.com,jaMH8OPe%@,1997-01-15
Hannah,Hill,ortegawendy@gmail.com,O%Z0e7)x+O,1999-10-19
Kimberly,Conley,patelkenneth@gmail.com,*h5q7Rex*H,2005-07-06
Melody,Willis,melissadonaldson@gmail.com,@3Ws)K59^y,2000-05-23
Douglas,Obrien,smithdanielle@gmail.com,C4^8rIddto,1976-07-04
Ryan,Myers,marquezjoe@gmail.com,$UGVDzs4)7,1995-03-22
Connor,Allen,rogerphelps@gmail.com,Zgu6Y4*e*6,1995-07-26
John,Goodwin,uchavez@gmail.com,d9NdakcN(),1977-02-06
Aaron,Mccarthy,andrew68@gmail.com,)8FJIyqKTz,1977-07-19
Maxwell,Thompson,rebecca86@gmail.com,s41tDNSn!4,1973-02-02
Andres,Gomez,ubell@gmail.com,4(0NzbwME!,1979-01-09
Linda,Collins,paulcooper@gmail.com,b0MGLw$b!b,1990-08-29
Matthew,Benton,howellstephanie@gmail.com,!7QtWvEJr3,1990-01-25
Carolyn,Thompson,gallagherlaurie@gmail.com,!O)NDybbk2,1974-03-20
Steven,Jones,danielphillips@gmail.com,HgC09DyZ!6,1966-04-06
Frank,Miller,julie12@gmail.com,Xl3TWvCmv!,1972-07-01
Sandra,Myers,gregory21@gmail.com,!84Io#kEM),1986-10-29
Timothy,Scott,mmccullough@gmail.com,$P)4S8DhG*,1977-10-31
Tammy,Martinez,gdixon@gmail.com,^2DV7RJei#,1979-12-11
David,Wood,qkane@gmail.com,(f_TCUgn(8,1976-03-07
Lauren,Mcgrath,vrivera@gmail.com,f09tJkAlI#,2003-06-25
Brian,Evans,christian18@gmail.com,+1G6asAc63,1966-01-26
Shannon,Taylor,christopher30@gmail.com,f0RsE)O$++,1983-06-08
Brett,Elliott,harriskenneth@gmail.com,Ry1KVXCx_0,2005-12-08
Dustin,Weiss,smithvanessa@gmail.com,p#(2Ww)cF_,1967-12-06
Jimmy,Page,ruizjulie@gmail.com,c!70WMm3k1,1995-05-14
Madison,Gallegos,jonathan28@gmail.com,f80eCl14@k,1976-03-18
James,Young,jerome70@gmail.com,#4MTEfaO*2,1973-06-30
Darren,Walker,patrickwong@gmail.com,!0v^UwEqzD,2006-07-04
Michael,Taylor,amy07@gmail.com,sHFh(ZVg)0,1972-05-15
Amanda,Diaz,alexis72@gmail.com,#9eK$!1yFS,2003-02-04
Lisa,Villarreal,rachel70@gmail.com,H9LoUQg*#4,1991-05-18
Gregory,Marquez,dmartin@gmail.com,)%TOba^+w9,1992-08-12
Norma,Knight,dyerleslie@gmail.com,di4$9R4^5%,1986-05-13
Morgan,Walters,roberthampton@gmail.com,O!40IZBkK1,2005-06-30
Charles,Hill,lauriebailey@gmail.com,XhHVON0m^9,1983-07-22
Kyle,Schneider,brenda40@gmail.com,*yg7knBjFX,1969-06-08
William,Warren,oneilljames@gmail.com,v2YXKZAe)O,1973-09-19
Bruce,Patel,michael56@gmail.com,GF3YCMko$9,2006-05-21
Brandon,Richardson,caitlintorres@gmail.com,qfm4R4orc_,1967-10-18
Robert,Velez,carpenterbobby@gmail.com,b8OC2FGl!l,1994-10-12
Matthew,Huff,hmartin@gmail.com,865b0Pa6&_,2002-10-27
Kathryn,Dominguez,baldwincatherine@gmail.com,3l8PVdsX8_,1964-11-27
Jessica,Lyons,rebeccaorr@gmail.com,rSa5Fyzou),1999-02-27
Mathew,Williams,ryan79@gmail.com,6@kw5aSz3F,1964-10-28
Brianna,Harrell,brownnicole@gmail.com,!A1nTsVw2j,1976-10-29
Kristi,Colon,michael47@gmail.com,*0)JpLDsYS,1991-07-19
Robert,King,ashleycandice@gmail.com,Nw9mgXkPb%,2001-04-01
Stephen,Berry,garyramirez@gmail.com,pW1h%EqA#9,1988-10-16
Jason,Moore,deckermichael@gmail.com,7IoJ@Z&3$j,1966-01-23
Joshua,Rivera,gaineskatie@gmail.com,_I)6JaJyr),2005-10-01
Craig,Green,usmith@gmail.com,0dQM27Fih_,2002-06-26
John,Valenzuela,brandonmyers@gmail.com,8Z5X@Wbo$(,1964-06-06
Susan,Berry,qsmith@gmail.com,%@VFjeWfA8,1996-01-27
Joseph,Marshall,jacksonashley@gmail.com,J$!8LaQbop,2003-12-19
Amy,Henderson,dweiss@gmail.com,jR!l2Pt*L*,1974-11-30
Patricia,Watts,jamiegarcia@gmail.com,68Z_9Qv4VB,1980-04-13
Sarah,Mckay,brookeclark@gmail.com,j5&2*%Rv)r,2001-04-20
Anthony,Ware,peggy19@gmail.com,#3WcGU9lDK,1965-08-04
Joshua,Espinoza,jeffreyholt@gmail.com,6jDWpRNa+P,1968-08-30
Natasha,Moore,meghan71@gmail.com,Cbtu5G$z+z,2006-07-27
Jonathan,Howard,kramermaria@gmail.com,w7qR&ztN^$,1985-12-26
John,Medina,josephmichael@gmail.com,9*7G7Gc5#7,1976-11-13
Joshua,Case,patriciaanderson@gmail.com,o&C@4OcvIv,1987-12-23
Alexandra,Martin,hcraig@gmail.com,Lfx(d9pZ+0,1968-05-24
Frederick,Diaz,castillomichael@gmail.com,%8PdT_@$2w,1985-02-26
Jacqueline,Johnson,michaelgarner@gmail.com,1@7XCglI1r,2000-05-22
Bruce,Farrell,aguilarpaul@gmail.com,%WflGWsqE4,1983-06-01
Joseph,Soto,rmccullough@gmail.com,!ZG6SwUH+F,1983-02-11
Derrick,Chambers,crosspatrick@gmail.com,aC895S(m*Z,1989-08-17
Mark,Holt,aliciathompson@gmail.com,d5ePe4Np_n,1989-02-13
Jeffery,Brown,kimaaron@gmail.com,+h0O$rY2)G,1969-04-04
Karen,Waller,rebeccasutton@gmail.com,gR9LX3c1X_,2003-11-27
William,Esparza,perezalexis@gmail.com,Txwi0_Age$,2006-09-27
Kimberly,Mooney,mortiz@gmail.com,Zow&6IoSut,1994-06-02
Brooke,Gonzalez,jamie47@gmail.com,)t0K$4zo@d,1972-09-06
Curtis,Harrison,lynchamanda@gmail.com,!7PrtEgvo8,1993-01-08
William,Hanson,walshbrenda@gmail.com,@ul9gJlT*3,1964-04-19
Tracey,Hall,pughkatelyn@gmail.com,g01!0H$y)^,1975-03-13
Shannon,Miller,martinwilliam@gmail.com,^47v@TGt6%,1985-05-08
Dennis,Brown,monroedaniel@gmail.com,Sg6%Nvr(!9,2003-02-21
Marie,Moore,lopezlaura@gmail.com,3ULJ6OZqy^,1975-08-01
Matthew,Collins,joshua82@gmail.com,D^%V0UcRjq,1990-04-17
Kimberly,Guerra,dawn09@gmail.com,(24SG(dn@S,2001-02-19
Amber,Payne,aprillewis@gmail.com,^ZEEUVgTk6,1967-08-09
Leonard,Valenzuela,roy33@gmail.com,9D22ULzJ!s,1985-02-14
Tiffany,Christian,stevenwilliams@gmail.com,$C&4VRixsu,1995-06-30
Christopher,Mills,shannon50@gmail.com,q7EbjhqT*G,1971-08-31
Jennifer,Martinez,ryan96@gmail.com,JBug3OXs*x,1981-07-20
William,Martin,raymondspencer@gmail.com,_LFxdELk#5,1980-09-04
Daniel,Williams,george49@gmail.com,8S#Dl#bC*1,1968-04-27
Daniel,Shelton,holtcourtney@gmail.com,XEg2OkvxE(,1994-04-16
Raymond,Trujillo,abigail79@gmail.com,ZU(3QFfTc0,1965-12-18
Brian,Alvarado,brianbuckley@gmail.com,W0OM1RKa#7,1986-11-12
Jessica,Graham,angelicasullivan@gmail.com,zAMeM4vC^0,1976-06-28
Charles,Thomas,timothyallen@gmail.com,d(7PMA)d&+,1977-11-23
Antonio,Patel,bfloyd@gmail.com,)i!o7fXcpU,2006-06-15
Charles,Peterson,daviddunn@gmail.com,MNbS2$cwm#,1996-12-30
Kendra,Young,qescobar@gmail.com,a&h8ihZafP,1986-08-15
Amber,White,kristenkaiser@gmail.com,P71oEd&i%x,2001-10-31
Rachel,Howard,jeremyhall@gmail.com,!bAbzS1yu7,1987-08-29
Kelly,Page,thomasrush@gmail.com,8B5EyYCdB_,1983-02-26
Donna,Reed,michaelphillips@gmail.com,%9J^BNyZ@C,1969-11-08
Elizabeth,Dennis,ibarraemily@gmail.com,+9_%JVj7MM,1999-12-06
Nichole,Wilson,bprince@gmail.com,*uN@s5Oj!_,1995-03-04
Norma,Perez,wilsonsarah@gmail.com,E3Xb%qqi&b,1980-07-23
Ashley,Mayer,brandon05@gmail.com,PA7Q(Phu1!,1967-11-15
Andrew,Patrick,ashley14@gmail.com,f3^UBojE^H,2003-03-25
Roy,Powers,ayalajessica@gmail.com,*oO^b%V+2i,1969-06-08
Catherine,Church,cramirez@gmail.com,^@45wHXwFV,1991-11-02
Sabrina,Morgan,gmckay@gmail.com,DR+K5UoSb2,1992-04-15
Amanda,Benson,melissathomas@gmail.com,!!D6q_HnwK,1965-02-03
Maria,Taylor,jacquelineburnett@gmail.com,HNgg0fHf+(,1972-09-13
Anna,Nunez,jwilkins@gmail.com,(9ih1Ub(!e,1977-01-30
Beth,Smith,besttyrone@gmail.com,+DKNowD%!7,1966-03-08
Gina,Hicks,ywest@gmail.com,n81DRT4_(b,1980-12-05
Tyler,Levy,judymartin@gmail.com,d51dJ6VyK!,1973-08-16
John,Williams,greenjulia@gmail.com,%$yv6uPz+x,1970-01-23
Madison,Moore,wwilliams@gmail.com,uB8*F7or(q,1981-03-05
James,Mckee,emilyingram@gmail.com,R2Ale@Tx#q,2001-07-09
Leslie,Duran,ewoods@gmail.com,(xr&3AgfD&,1971-09-26
Jennifer,Kim,freemankaylee@gmail.com,V^dd0LJhkX,1983-06-01
Renee,Mitchell,gregory58@gmail.com,J&+U0lAp+2,2001-10-08
Krystal,Brown,iellis@gmail.com,@X5MBwxmz$,2001-09-24
Eric,Watson,davisalexis@gmail.com,@&8SfF0saf,1970-05-28
Edward,Williams,amy67@gmail.com,xK(F1Xo2WW,2002-12-27
David,Sanders,zbarnett@gmail.com,P*M9dQue2&,2003-04-05
Marcus,Freeman,tyler15@gmail.com,Hui5+Aki$T,2006-07-27
Deanna,Henry,jeremiaholsen@gmail.com,jy5VErhdF%,1995-10-02
Brittany,Jackson,ramirezjanet@gmail.com,e8PMxABe&_,1975-11-15
Joshua,Barnes,kwilkins@gmail.com,^uIErOIQ7T,2003-04-15
Amanda,White,bbell@gmail.com,+4+Dq)Cz&e,2003-01-09
Mary,Tate,garzadakota@gmail.com,XC2UKEdk%m,1968-04-06
William,Benson,haley93@gmail.com,OE8MyJEAS+,1968-01-17
Michelle,Atkinson,benjaminrichardson@gmail.com,n28VmU#R(M,2002-02-04
Angelica,Diaz,christineperry@gmail.com,6AMKoT0g@G,1979-01-14
Dorothy,Flores,ldavis@gmail.com,U8oW7Yp!2^,1980-02-28
Joseph,English,wagnertammy@gmail.com,cc2WrI4s(7,1987-09-21
James,French,matthew35@gmail.com,uU%@z3Vwjd,1983-05-15
Anna,Mills,pmartin@gmail.com,9ngOUOZc_b,1971-01-29
Justin,Walker,johnsoncharles@gmail.com,q3UAh&zt%k,1989-06-25
Christopher,Ruiz,mary59@gmail.com,*1NMPV)sbC,2003-04-01
Carrie,Baker,donaldsoneric@gmail.com,fghHT8QcO^,1982-07-29
Timothy,Harvey,andersondavid@gmail.com,9EA$pey1^S,1984-05-22
Laura,Stewart,russelljones@gmail.com,49nEpwCD)m,1995-11-05
Catherine,Mitchell,macdonaldjonathan@gmail.com,#s6TCreobu,1984-11-05
Kathy,Brown,mhunt@gmail.com,Etd8NM(f*t,1985-07-15
Timothy,Howard,omarjames@gmail.com,T%Ud2UeNQ^,2006-12-12
Thomas,Mcclain,qwilliams@gmail.com,w1zY1N)Y#U,1988-12-24
Brandon,Baldwin,progers@gmail.com,bIP*Bk5D#1,1994-10-01
David,Carr,wdavis@gmail.com,)Gwex0GjEI,1977-08-08
Chris,Carlson,vegadanielle@gmail.com,Cj)6!BnS%$,1974-02-20
Stacy,Rose,jessicawalters@gmail.com,KfK^9hYAv#,1995-04-14
Joshua,Brady,evanscynthia@gmail.com,q0USW^Bk(g,2000-10-27
Kelsey,Foster,hillmatthew@gmail.com,(a6BIkEktc,1983-05-21
Manuel,Hubbard,yateswilliam@gmail.com,^+1!Dla+0z,1990-07-31
Kimberly,Holt,howejohn@gmail.com,hz6BLAmZ+9,1986-01-25
Courtney,Cooley,yellis@gmail.com,8g9)yWIq!@,2002-07-18
Claudia,Allen,tiffany20@gmail.com,!7I9C8xKfm,1968-12-04
Scott,Brooks,kenneth56@gmail.com,(bB&HrKP*0,1965-04-04
David,Cline,jesse51@gmail.com,87wMADla%z,1967-01-14
Jessica,Decker,alexandraaguilar@gmail.com,u47m_0Zy)Y,1991-02-20
Jessica,Burns,dunlaprhonda@gmail.com,42ZA2CZx(z,2003-09-16
Kim,Fitzpatrick,danielledavis@gmail.com,2l+9bAAN^W,2003-05-02
Victoria,Gonzalez,nbarnes@gmail.com,x5BhVvdf#3,1981-09-07
Edward,Parker,martinaaron@gmail.com,cF8(2Yyd+u,1997-08-08
Kayla,Mendez,franklinronald@gmail.com,$MJhUxm)#9,1997-05-13
Jennifer,Simmons,friedmandawn@gmail.com,80(27$Mw^c,2006-01-22
Crystal,Jones,iholmes@gmail.com,@E*OArd@9M,1994-06-25
Priscilla,Hill,gregory90@gmail.com,W#M67K3adM,1991-02-08
Rhonda,Rogers,rebecca99@gmail.com,kY+8Bv%2Vi,1983-06-27
Molly,Graves,nathanielwalls@gmail.com,)r2J)1wh)O,1996-08-23
Thomas,Richards,huntgregg@gmail.com,Y3r#(PUv#R,1972-10-05
Janet,Waters,susan60@gmail.com,y9QAqbz&(7,1971-07-29
Robert,Thompson,gobrien@gmail.com,h)7unZhv%&,1982-08-30
Patrick,Garcia,garciaheather@gmail.com,)DP4I#UdY3,1995-09-11
Isaac,Henderson,sstevens@gmail.com,#z9#gLyayz,1990-09-08
Shane,Ross,jennifer76@gmail.com,*v2Oe)d51#,1979-01-22
Brian,Vega,nathancooley@gmail.com,*AoVXuf60n,1992-07-25
Debra,Bullock,langthomas@gmail.com,K(i(0I22_x,1989-03-20
Kenneth,Wright,paul28@gmail.com,E@1Qbtvm2%,1985-01-31
Jennifer,Woods,qalvarez@gmail.com,U9WRUwTd_!,1971-10-29
Matthew,Summers,nreed@gmail.com,Z@S9R@d6EP,1983-11-15
William,Haynes,hunterjoshua@gmail.com,J0MKoAgE$+,1969-04-15
Sue,Roberts,bakerjessica@gmail.com,v1WR$xlq$J,1976-04-08
Jennifer,Porter,sarah25@gmail.com,@8vAcYppGr,1972-01-20
Charlotte,Spencer,taylor33@gmail.com,P6@9H(u9Vc,1994-09-29
Jennifer,Gross,christopher09@gmail.com,M066&SlA#7,1988-07-14
Christina,Cervantes,kmoore@gmail.com,%3B%OdXozS,1964-09-23
Peggy,Fleming,crystal21@gmail.com,l+0Ce9R2$c,1975-05-17
Lindsey,Keller,christine71@gmail.com,ej+R8T%b*I,1984-09-27
Julia,Mcintosh,margaretanderson@gmail.com,*7Gp02m^dN,1967-11-13
Julie,Shields,williamsmanuel@gmail.com,R3cV2LkN_^,1992-02-26
Stephanie,Simmons,omccormick@gmail.com,53SW2q8w$6,1970-01-02
Lori,Ellis,austinwilliam@gmail.com,a(SX1oEpmC,1994-10-07
Joshua,Delgado,hjones@gmail.com,T&9DFZLgwn,1983-01-15
Charles,Villanueva,robert36@gmail.com,^GP7YoEpb5,1971-09-23
Mark,Meza,sgonzales@gmail.com,X%T49fTpL@,1964-08-03
Jeffrey,Mccullough,alice46@gmail.com,t+%9M6QKeb,2000-06-14
Summer,Mcfarland,john90@gmail.com,LvCF5GVaF&,2004-10-22
Phillip,Salazar,carrilloerica@gmail.com,1#6Hwa4j4Q,1969-07-25
Joshua,Parker,shawn23@gmail.com,g2on@Lnx_3,1999-09-24
Miranda,Mcdaniel,kchang@gmail.com,$1)xF_lB&y,1964-08-22
Dana,Delgado,pharris@gmail.com,(A1kRyzNBp,1979-06-12
Stephen,Hill,apennington@gmail.com,&p&@7gLf_m,1970-08-31
Adam,Wood,calderoncaitlin@gmail.com,y1zm0F8v$g,1990-10-31
Julian,Lawrence,gabrieltate@gmail.com,1J4kSsnQ#8,1972-07-22
Nathan,White,dbrown@gmail.com,O6cz&7Dibl,1987-11-22
Mark,Walsh,steven43@gmail.com,o1P7@Cvg+G,1970-03-24
Wendy,Waters,john97@gmail.com,Qu+(8Jug#M,1995-02-10
Steven,Schneider,ewaters@gmail.com,4vk4#Ejy^h,1996-02-15
Linda,Hughes,bautistachristine@gmail.com,cWH8dQqz$Q,2005-04-21
Samuel,Thomas,deleonmichael@gmail.com,$rASapB^V6,1999-06-16
Elizabeth,Conley,rmorris@gmail.com,W&^e9FbtXj,1967-02-15
Linda,Gonzales,davidterry@gmail.com,00uIvvtf^i,1984-01-09
Angel,Lopez,fnguyen@gmail.com,_37VsaTl6I,1975-09-26
Richard,Nielsen,ndean@gmail.com,5G6C9jV_+9,1969-02-28
Margaret,Ward,operez@gmail.com,!1jqWiDLOi,1980-06-21
Justin,Simpson,mullinslaura@gmail.com,G$t0AuQQg^,1997-02-11
Richard,Pugh,adrianfarmer@gmail.com,_iFFxqfQ4b,1975-07-13
Brandon,Young,ylynch@gmail.com,9r6TJPsg!5,2002-11-20
Andrea,Hobbs,joy45@gmail.com,D9f6RTfi#l,1982-08-19
Leslie,Anderson,aroberson@gmail.com,Hg8KYkvF(C,1994-03-04
George,Johnson,christopher09@gmail.com,H3*X0HdBH),1987-06-06
Keith,Reed,spencerkirsten@gmail.com,GPM7Cyyfw@,1970-04-02
Evan,Ortiz,williamsmark@gmail.com,1_6&d1BiKd,1966-12-07
Michael,Robertson,nancyrodriguez@gmail.com,8srFygX_!3,2002-12-22
Katelyn,Cain,lee27@gmail.com,@Fa6Ork7d0,1986-05-25
Michelle,Jones,markcruz@gmail.com,@l7LXKswP6,1999-10-09
Megan,Velasquez,sandra78@gmail.com,1W6oNcjo&e,1986-09-14
Elizabeth,Barnes,qferrell@gmail.com,!gQCJxe4$9,1974-03-03
Mario,Olsen,brewerstephen@gmail.com,yDV)1Bn80*,1998-03-18
Brian,Smith,longjennifer@gmail.com,@*QCBAqm@3,1970-04-13
Sarah,Clark,cevans@gmail.com,*8kIHtQIq7,1977-10-27
Derek,Love,alan70@gmail.com,On4PVPeC@1,1985-03-21
Cynthia,Hughes,gregoryrogers@gmail.com,)C18KmyVeg,1993-08-12
Brittney,Brown,teresa88@gmail.com,i24VDjHf(E,1984-01-19
Victor,Ballard,vgonzales@gmail.com,#1MqsLkXV8,2006-11-25
Anna,Doyle,patrick40@gmail.com,%7JJWKmtdT,1997-08-03
Heather,Schmidt,nathan81@gmail.com,r3HoSvTn!r,1987-11-15
Brian,Watson,steven80@gmail.com,w*C1ZU+kKj,1995-05-21
Katherine,Andersen,elizabethcooper@gmail.com,^3CJRq5%3z,1965-11-06
John,Peterson,nathanhunt@gmail.com,W&(14^Wn_*,1994-03-26
Christopher,Chambers,tjohnson@gmail.com,+3DEXP5o#J,1999-08-23
Karen,Rogers,mjohnson@gmail.com,6*9(^hEXup,1971-03-27
Jennifer,Rojas,ryanmccall@gmail.com,4(IJrZYl$y,1973-05-27
Herbert,Oneal,karen74@gmail.com,!9Tuz6Qxpm,1966-08-01
Emily,Simmons,garciakelly@gmail.com,R04UpEisR^,1990-01-20
Janice,Sweeney,ajohnson@gmail.com,gAMFLvOg+3,1976-03-28
Amanda,Oliver,omartin@gmail.com,!1WJjgBZlv,1973-11-02
Phillip,Washington,bowmanjeanne@gmail.com,6Y1iLYoh@K,1988-07-06
Robin,Garcia,david24@gmail.com,$2CNSgo_wV,1969-11-23
Kevin,Decker,christophercolon@gmail.com,a)7UNzEWNZ,2003-03-31
Linda,Harris,qfuentes@gmail.com,^p26Dfuy@Q,2004-01-17
Antonio,Long,nklein@gmail.com,xjJ5yByOV$,1971-07-28
Steven,Kirk,angie58@gmail.com,*iZbu9626*,1985-05-17
Erica,Norton,richardnewman@gmail.com,cl9DwRLQ4!,1999-06-29
Jeffrey,Hoffman,thompsonjohn@gmail.com,^lBf80KeAD,2002-03-31
Justin,Mathis,cynthiawood@gmail.com,&8FP@7&xmH,1994-05-13
Jennifer,Velasquez,owatson@gmail.com,$6H9Srkf$a,2003-11-29
Jeremy,Davis,richard64@gmail.com,MDPfH)hk%0,1997-04-06
Kayla,Rogers,whester@gmail.com,%8V)*aYq^v,1990-04-05
Patrick,Howell,casey97@gmail.com,F_2UJmpD)C,1984-12-25
Aaron,Hudson,piercekristina@gmail.com,z*72Gp9+8%,1994-12-20
Jared,Massey,kgonzalez@gmail.com,(Y8SFyoQL@,2003-08-21
Lindsay,Moore,joshuastevens@gmail.com,_wZXA*RC3),1999-12-09
Patricia,Barnes,vdavis@gmail.com,+k6lOgpyG^,1981-02-13
Lynn,Mcclain,robersonjennifer@gmail.com,Ri8TCNBs)C,1981-06-14
Sheena,Higgins,xmunoz@gmail.com,E_G7wozW9E,1999-03-26
Laura,Orr,russellrobinson@gmail.com,*Lh^Setjy8,1970-09-14
Patricia,Parker,reneeadams@gmail.com,2(wP0Myj1L,1999-12-06
Kimberly,Blanchard,theresawhite@gmail.com,77&ZjjAt(y,1988-11-27
Chelsea,Wright,brandon63@gmail.com,pk6%1CNdv(,1985-07-05
Stephen,Simpson,armstrongmichael@gmail.com,S(0OD(sxy6,2001-01-30
Rachel,Robinson,natalie76@gmail.com,+6+ZZ^E_lp,1996-05-16
Tara,Chan,danielkey@gmail.com,DD_4VVelPU,2003-10-15
Breanna,Wilson,aliciashaw@gmail.com,Z*Z7LALpXM,1971-01-24
Richard,Jackson,robert98@gmail.com,@0%vI4a&Yy,1977-11-25
Lisa,Robles,george91@gmail.com,TS*%h1Zrn&,1996-04-26
Tammy,Garcia,gtate@gmail.com,H6LRt@hk%t,2001-12-24
Brent,Nielsen,bking@gmail.com,Cv_9cEPs1f,1980-08-03
Mark,Walker,smithlisa@gmail.com,a&0FGYKKCy,1979-09-22
Ronald,Salinas,barkerjoe@gmail.com,(mNSyK9Qh9,1974-09-11
Jason,Reyes,gward@gmail.com,hP7MXS+nB!,1994-09-17
Michael,Torres,eric20@gmail.com,)uv2nKv^!d,1974-10-26
Danielle,Owens,hwalker@gmail.com,Zc33Bp&a)b,1996-02-20
Cameron,Brown,gzuniga@gmail.com,213PBape_q,2002-07-19
Ronald,Wood,stephensparks@gmail.com,_bQ0BSJCr8,1978-03-09
Ronald,Ramos,johnathanbuchanan@gmail.com,&IxDGkzpk8,1972-11-28
Juan,Vargas,jessicarivers@gmail.com,(6G&bXh55c,1984-03-29
Alexander,Walker,zyang@gmail.com,e9GIOjh3*U,1967-04-10
Deborah,Garrett,dmiller@gmail.com,rPd05$uvt@,1971-03-20
Brad,Turner,kgaines@gmail.com,!#B&5SHj9V,1978-06-28
Jennifer,Richards,roberthampton@gmail.com,z*63j9LgJP,1990-03-14
Ivan,Nelson,melissa24@gmail.com,QsJ2Ss!u%D,1993-01-03
Miguel,Bradford,brandi68@gmail.com,J$$4D!b3NL,1974-03-03
David,Munoz,ijones@gmail.com,$20p7dQc_y,2005-08-05
Cheryl,Boyd,kristaconley@gmail.com,)6W5At0d_%,2006-02-28
Nathan,Martinez,robert15@gmail.com,_8GoTERrz%,1992-04-06
Jonathan,Rogers,denise97@gmail.com,491P1m7G%n,2002-06-30
Robert,Baker,harringtonchristine@gmail.com,#Fh576Kl*q,1991-10-20
Dorothy,Yoder,joanne84@gmail.com,)lL+Aif38p,1969-08-14
Daniel,Duke,rwilson@gmail.com,@tj_^SshK6,1976-11-27
Caleb,Wilson,brooke72@gmail.com,b#+n5Sgy+9,1966-01-08
Raymond,Johnson,natalieshaw@gmail.com,*iyW$Kamf9,1990-06-13
Debra,Allen,hudsontamara@gmail.com,qG$b2xTtib,1968-03-10
Carrie,Frost,macdonalddanielle@gmail.com,&A0iL0pEn6,1982-06-01
Brian,Wong,nguyenronald@gmail.com,3_D^EDGh%3,1979-11-14
Alyssa,Rocha,bradleyhamilton@gmail.com,hAQIN6B&@4,1985-11-18
Ryan,Downs,nryan@gmail.com,w8+81)Ir!F,1985-06-08
Jeremy,Michael,aanderson@gmail.com,Z8wbsMXX)o,2000-11-11
Samuel,Hoover,cclark@gmail.com,_oQLVJFp7a,1984-10-27
Travis,Fowler,xjackson@gmail.com,&7&RwwHrPP,1989-01-15
Willie,Davis,nicholas11@gmail.com,@%I53GlT%M,1999-02-26
Juan,Peck,ifuller@gmail.com,OD_r32StE$,1987-07-23
Deborah,Perez,katherineunderwood@gmail.com,z&4ApOf0W$,1996-03-09
Martha,Avila,zharris@gmail.com,3hXbntlI_A,1996-06-23
Christine,Morrison,alexhess@gmail.com,@3oC%nti_9,1983-09-29
Victoria,Pierce,nicolefleming@gmail.com,9ds7S$Ycu#,1973-06-15
Mary,Reyes,tferguson@gmail.com,(S8R1Kq4%x,1974-11-30
Ann,Dixon,cibarra@gmail.com,Jo3(xS4qr%,2000-01-15
Erin,Dunn,olee@gmail.com,95lPpYmi!5,1968-11-09
Caitlyn,Wood,christopherpark@gmail.com,RZf0U8xsB#,1976-03-02
Christian,Weiss,laurakelly@gmail.com,_20HYg&T@_,1966-05-22
Anne,Curtis,jeffrey23@gmail.com,PvQ)qy&S_1,1998-02-04
Catherine,Butler,zachary68@gmail.com,)359tfDmNI,1997-10-16
Gabriel,Harris,mayschristopher@gmail.com,(9wWOEiKv7,1966-03-15
Cheryl,Maldonado,gperez@gmail.com,96Chmw4R#c,1967-06-12
Cory,Huff,kaylahughes@gmail.com,30RjFPbQ+c,2002-04-01
Daniel,Jones,sarahanderson@gmail.com,!2RQIWSt*a,1991-05-04
Jasmine,Hardin,gmurphy@gmail.com,!%Zm9lAi!t,1970-10-22
Evan,Clark,whodge@gmail.com,0%L1G@g^od,2000-07-05
Nicholas,Miller,dustin85@gmail.com,%8cOPhvFH7,1981-02-14
Andrew,Moses,oscott@gmail.com,&0tGgCptK3,2001-08-05
Nicole,Edwards,thomasfrederick@gmail.com,9PO6Tk!8r^,1971-11-25
Matthew,Casey,aharris@gmail.com,(vu8PGJf96,2003-04-11
Sharon,Meadows,smithkristen@gmail.com,F)F(4MCcTd,2004-03-26
Eric,Brown,bwilson@gmail.com,#4Lujz6Q4Y,1971-12-29
Stephen,Potter,lisastewart@gmail.com,_4JgLfUun$,1989-08-02
Sarah,Kerr,matakevin@gmail.com,(Ms4IVzrH&,1973-02-20
William,Williams,annlove@gmail.com,Kf!5YaqgRt,1992-10-21
Michael,Anderson,bridgesrebecca@gmail.com,j#0UbT@ma_,1994-07-01
Collin,Evans,deborahpadilla@gmail.com,yNYAbvaU)8,2003-04-25
Kaitlyn,Smith,marco09@gmail.com,!lV^9GwGFA,1990-06-16
Kelly,Hunt,zlee@gmail.com,P4S7aHX*@u,2001-07-20
Courtney,Myers,terri51@gmail.com,)QpT3dkn63,1986-06-28
Allen,Stewart,tracyhoffman@gmail.com,r9^#ZP9a)O,1988-10-01
Rebecca,Wood,cfranco@gmail.com,(%1WX7&qEe,1990-05-23
Derek,Peters,jessica33@gmail.com,b80Zrw5iP#,2001-08-28
Stacy,George,tiffany18@gmail.com,Z$1K3SQP@v,1969-04-03
Anne,Perkins,dpatterson@gmail.com,muC5BaEK(1,1998-11-07
Dean,Clark,crystal44@gmail.com,ut2J(brm)m,1970-12-21
Dawn,Ramirez,ashley67@gmail.com,Rumn6TJhF@,2000-11-11
Ashley,Erickson,madison85@gmail.com,)72Z$xvK_b,1996-09-14
Kenneth,Deleon,esingleton@gmail.com,!HCY9WqxB4,1978-03-28
Jennifer,Wright,jshepherd@gmail.com,o8w!OePi&x,1973-11-29
Tricia,Stewart,swhite@gmail.com,&fNpBcnco5,1999-03-22
Jennifer,Castillo,gonzalezpatricia@gmail.com,S3jTfG8s#&,1987-06-26
Rita,Kline,amy99@gmail.com,@VB43EgpM7,1992-01-31
Kenneth,King,josestephens@gmail.com,*48ZFXBt+W,2006-05-21
Micheal,Chaney,andrew24@gmail.com,)y69Hi&UUN,1972-03-25
John,Garcia,jordanwhitney@gmail.com,AR(^n2XoD&,2006-06-05
Timothy,Clark,makaylamontgomery@gmail.com,#B1e854z7G,1978-11-29
Brian,Wallace,kaitlynduncan@gmail.com,3m@4CdVrrr,1999-05-08
Barbara,Holland,sherring@gmail.com,ZlOax3Mj)8,1967-10-03
Ricky,Hickman,hrubio@gmail.com,2ZKq2BPg+0,1984-09-26
Jeremy,Potter,iarmstrong@gmail.com,$Qy@Hut(z9,1968-07-11
Susan,Obrien,martinwilliam@gmail.com,Ls+8WR7g&&,1997-05-06
Jonathan,Lara,jacksonhenry@gmail.com,j5MUVIVt!E,2000-03-18
Christopher,Smith,brandymann@gmail.com,p5Uk9Dwx+Z,1990-01-18
David,Smith,timothymoss@gmail.com,bb#7jTPn@X,1994-11-24
Michele,Jones,watsonjeffrey@gmail.com,)*##4LaT*2,1970-01-28
Ryan,Chapman,williammorris@gmail.com,+4T^WQqbvF,1997-03-24
Anthony,Stewart,jennifermoore@gmail.com,_&0f2K_bXM,1994-11-07
Melanie,Smith,dmurray@gmail.com,%4GfM7T2fz,2000-03-21
Anthony,Martinez,larry58@gmail.com,!i&vTNvmC5,1993-10-30
Brad,Shaw,trevorjimenez@gmail.com,FD*+B4Xp2W,2003-06-15
Vicki,Mason,lisaking@gmail.com,!yO8CnDt!F,1988-02-02
William,Bishop,fordwanda@gmail.com,!8PzvaxT#4,2006-03-11
Beverly,Boyer,douglaswright@gmail.com,B2rM7BvG@B,1990-05-02
Isabella,Perez,smithchelsea@gmail.com,_Du6wOYq%y,1978-06-24
Jeremy,Morgan,valenzuelamichael@gmail.com,)tHc8FOl$V,1998-04-23
Allison,Avery,jonessean@gmail.com,bkP4Ep5Tr$,1971-12-14
Vincent,Carroll,kaitlyn06@gmail.com,8u0qXVbd%$,1991-08-21
Alec,Hess,kristen48@gmail.com,+Z%7AESyph,1984-08-08
Jennifer,Moore,michaelphillips@gmail.com,4)9nk4RTiu,1996-05-05
Desiree,Bradford,qsmith@gmail.com,L_$4HbUs+*,1968-02-24
Beth,Williams,chavezronald@gmail.com,7$2Z0#zx*p,1976-03-30
Tracie,Peterson,conradgreg@gmail.com,_0dZ*J65oc,2005-02-05
Vincent,Weiss,andrew68@gmail.com,aSxa6ASkG(,1994-06-15
Shane,Watkins,chelsearice@gmail.com,n82A!vpo$U,1969-02-13
